variant,family,best_test_error_mean,best_test_error_std,final_test_error_mean,final_train_error_mean,state_delta_mean,saturation_mean,duration_sec_mean
dthreeq_ep_nudge0p1_lr3e3,dthreeq,0.16064453125,0.00621480569402239,0.16455078125,0.1513236464968153,0.04980718216763892,6.829961283876607e-07,288.0611277536955
dthreeq_ep_linear_tanh_nudge0p1_lr3e3,dthreeq,0.162353515625,0.006560072677023634,0.16455078125,0.15157245222929938,0.05204146303708078,9.757087548395154e-08,251.34218621836044
dthreeq_ep_initact_tanh_nudge0p1_lr3e3,dthreeq,0.163818359375,0.00794114060902861,0.1689453125,0.1564988057324841,0.052357234981335155,0.0,286.98792459396645
dthreeq_ep_linear_tanh_nudge0p1_lr1e3,dthreeq,0.168212890625,0.00794114060902861,0.171142578125,0.165406050955414,0.05285261976599373,6.995831772199313e-05,287.840013603447
dthreeq_ep_linear_clip01_nudge0p1_lr3e3,dthreeq,0.416015625,0.030383494504109463,0.4267578125,0.4269506369426752,0.0499659683053115,0.9704358295866121,246.83135911612771
dthreeq_ep_linear_clip01_nudge0p1_lr1e3,dthreeq,0.422607421875,0.018989684065068416,0.443359375,0.4367535828025477,0.05303003653011004,0.9434266501186459,253.32988096307963
